{
  "feature_names": [
    "% roof Area/total floor area",
    "No. of floors",
    "Total Floor Area",
    "South Angle",
    "East",
    "West",
    "North"
  ],
  "leaderboard": {
    "Gradient Boosting": {
      "R2": 0.9783651245273585,
      "RMSE": 0.031127551768737802,
      "MAE": 0.01890887074912768,
      "adjusted_R2": 0.9775804399247238,
      "MAPE": 5.545440087262437
    },
    "Random Forest": {
      "R2": 0.9733097792256662,
      "RMSE": 0.034573539827850705,
      "MAE": 0.020263132141330246,
      "adjusted_R2": 0.972341740130224,
      "MAPE": 6.180591158845601
    },
    "Extra Trees": {
      "R2": 0.9705089461551534,
      "RMSE": 0.036342341934322106,
      "MAE": 0.022458674329154393,
      "adjusted_R2": 0.9694393224405734,
      "MAPE": 6.901526123341249
    },
    "SVM": {
      "R2": 0.5820047988261112,
      "RMSE": 0.13682120535124784,
      "MAE": 0.09066768307027814,
      "adjusted_R2": 0.5668443511151411,
      "MAPE": 28.94871860939307
    },
    "ANN": {
      "R2": -5.8763297571315425,
      "RMSE": 0.5549401047602416,
      "MAE": 0.4219021672888766,
      "adjusted_R2": -6.125730318271028,
      "MAPE": 169.40099438858147
    }
  },
  "meta": {
    "fingerprint": "67fdc3832110881a",
    "data_tag": "20072025_PV results.csv",
    "trained_at": 1756284961,
    "seed": 42,
    "test_size": 0.2
  },
  "models": {
    "Extra Trees": {
      "est_path": "models_cache\\67fdc3832110881a_Extra_Trees.joblib",
      "metrics": {
        "R2": 0.9705089461551534,
        "RMSE": 0.036342341934322106,
        "MAE": 0.022458674329154393,
        "adjusted_R2": 0.9694393224405734,
        "MAPE": 6.901526123341249
      }
    },
    "Gradient Boosting": {
      "est_path": "models_cache\\67fdc3832110881a_Gradient_Boosting.joblib",
      "metrics": {
        "R2": 0.9783651245273585,
        "RMSE": 0.031127551768737802,
        "MAE": 0.01890887074912768,
        "adjusted_R2": 0.9775804399247238,
        "MAPE": 5.545440087262437
      }
    },
    "Random Forest": {
      "est_path": "models_cache\\67fdc3832110881a_Random_Forest.joblib",
      "metrics": {
        "R2": 0.9733097792256662,
        "RMSE": 0.034573539827850705,
        "MAE": 0.020263132141330246,
        "adjusted_R2": 0.972341740130224,
        "MAPE": 6.180591158845601
      }
    },
    "SVM": {
      "est_path": "models_cache\\67fdc3832110881a_SVM.joblib",
      "metrics": {
        "R2": 0.5820047988261112,
        "RMSE": 0.13682120535124784,
        "MAE": 0.09066768307027814,
        "adjusted_R2": 0.5668443511151411,
        "MAPE": 28.94871860939307
      }
    },
    "ANN": {
      "est_path": "models_cache\\67fdc3832110881a_ANN.joblib",
      "metrics": {
        "R2": -5.8763297571315425,
        "RMSE": 0.5549401047602416,
        "MAE": 0.4219021672888766,
        "adjusted_R2": -6.125730318271028,
        "MAPE": 169.40099438858147
      }
    }
  }
}